{
  "Expert": [
    {
      "env_id": "BreakoutNoFrameskip-v4",
      "game_name": "Breakout",
      "mean_reward": 386.0,
      "std_reward": 35.017138660947154,
      "min_reward": 316.0,
      "max_reward": 405.0,
      "median_reward": 403.0,
      "num_episodes": 30,
      "all_rewards": [
        402.0,
        404.0,
        405.0,
        402.0,
        402.0,
        404.0,
        405.0,
        405.0,
        402.0,
        316.0,
        402.0,
        402.0,
        402.0,
        402.0,
        404.0,
        405.0,
        404.0,
        404.0,
        404.0,
        402.0,
        316.0,
        405.0,
        316.0,
        404.0,
        404.0,
        316.0,
        316.0,
        316.0,
        404.0,
        405.0
      ]
    },
    {
      "env_id": "SpaceInvadersNoFrameskip-v4",
      "game_name": "SpaceInvaders",
      "mean_reward": 1030.8333333333333,
      "std_reward": 257.3651210936625,
      "min_reward": 570.0,
      "max_reward": 1320.0,
      "median_reward": 1145.0,
      "num_episodes": 30,
      "all_rewards": [
        995.0,
        1320.0,
        570.0,
        570.0,
        995.0,
        1320.0,
        995.0,
        995.0,
        1145.0,
        1145.0,
        570.0,
        1320.0,
        1320.0,
        1320.0,
        1145.0,
        570.0,
        570.0,
        1145.0,
        570.0,
        1145.0,
        1320.0,
        1145.0,
        1320.0,
        995.0,
        1145.0,
        995.0,
        1145.0,
        1145.0,
        995.0,
        995.0
      ]
    },
    {
      "env_id": "PongNoFrameskip-v4",
      "game_name": "Pong",
      "mean_reward": 19.933333333333334,
      "std_reward": 0.891939210683977,
      "min_reward": 19.0,
      "max_reward": 21.0,
      "median_reward": 20.0,
      "num_episodes": 30,
      "all_rewards": [
        20.0,
        21.0,
        19.0,
        19.0,
        19.0,
        21.0,
        21.0,
        21.0,
        19.0,
        21.0,
        19.0,
        21.0,
        21.0,
        19.0,
        20.0,
        19.0,
        20.0,
        21.0,
        19.0,
        19.0,
        20.0,
        20.0,
        21.0,
        19.0,
        19.0,
        21.0,
        19.0,
        19.0,
        21.0,
        20.0
      ]
    }
  ],
  "Distillation": [
    {
      "env_id": "BreakoutNoFrameskip-v4",
      "game_name": "Breakout",
      "mean_reward": 5.366666666666666,
      "std_reward": 6.462627604585889,
      "min_reward": 0.0,
      "max_reward": 15.0,
      "median_reward": 2.0,
      "num_episodes": 30,
      "all_rewards": [
        0.0,
        0.0,
        0.0,
        15.0,
        0.0,
        4.0,
        0.0,
        0.0,
        15.0,
        0.0,
        0.0,
        0.0,
        15.0,
        0.0,
        15.0,
        2.0,
        15.0,
        0.0,
        2.0,
        15.0,
        4.0,
        0.0,
        15.0,
        4.0,
        15.0,
        4.0,
        0.0,
        2.0,
        4.0,
        15.0
      ]
    },
    {
      "env_id": "SpaceInvadersNoFrameskip-v4",
      "game_name": "SpaceInvaders",
      "mean_reward": 33.666666666666664,
      "std_reward": 19.44793619441976,
      "min_reward": 15.0,
      "max_reward": 75.0,
      "median_reward": 30.0,
      "num_episodes": 30,
      "all_rewards": [
        75.0,
        15.0,
        30.0,
        30.0,
        30.0,
        15.0,
        15.0,
        15.0,
        55.0,
        15.0,
        15.0,
        15.0,
        55.0,
        15.0,
        30.0,
        15.0,
        30.0,
        30.0,
        30.0,
        55.0,
        55.0,
        15.0,
        30.0,
        55.0,
        55.0,
        15.0,
        55.0,
        15.0,
        75.0,
        55.0
      ]
    },
    {
      "env_id": "PongNoFrameskip-v4",
      "game_name": "Pong",
      "mean_reward": -15.533333333333333,
      "std_reward": 3.25303277300156,
      "min_reward": -20.0,
      "max_reward": -6.0,
      "median_reward": -15.0,
      "num_episodes": 30,
      "all_rewards": [
        -14.0,
        -20.0,
        -16.0,
        -13.0,
        -20.0,
        -16.0,
        -16.0,
        -14.0,
        -20.0,
        -16.0,
        -13.0,
        -13.0,
        -14.0,
        -16.0,
        -20.0,
        -13.0,
        -16.0,
        -16.0,
        -14.0,
        -6.0,
        -13.0,
        -20.0,
        -13.0,
        -20.0,
        -13.0,
        -14.0,
        -13.0,
        -20.0,
        -20.0,
        -14.0
      ]
    }
  ],
  "One-Shot": [
    {
      "env_id": "BreakoutNoFrameskip-v4",
      "game_name": "Breakout",
      "mean_reward": 2.4,
      "std_reward": 3.9799497484264794,
      "min_reward": 0.0,
      "max_reward": 9.0,
      "median_reward": 0.0,
      "num_episodes": 30,
      "all_rewards": [
        0.0,
        0.0,
        0.0,
        0.0,
        9.0,
        0.0,
        0.0,
        0.0,
        0.0,
        0.0,
        9.0,
        0.0,
        0.0,
        9.0,
        0.0,
        9.0,
        0.0,
        0.0,
        9.0,
        0.0,
        0.0,
        9.0,
        0.0,
        0.0,
        9.0,
        0.0,
        9.0,
        0.0,
        0.0,
        0.0
      ]
    },
    {
      "env_id": "SpaceInvadersNoFrameskip-v4",
      "game_name": "SpaceInvaders",
      "mean_reward": 128.66666666666666,
      "std_reward": 83.81461023526202,
      "min_reward": 30.0,
      "max_reward": 225.0,
      "median_reward": 185.0,
      "num_episodes": 30,
      "all_rewards": [
        30.0,
        185.0,
        30.0,
        30.0,
        225.0,
        30.0,
        225.0,
        225.0,
        30.0,
        185.0,
        185.0,
        185.0,
        185.0,
        185.0,
        30.0,
        30.0,
        70.0,
        30.0,
        70.0,
        185.0,
        225.0,
        70.0,
        30.0,
        225.0,
        225.0,
        225.0,
        70.0,
        30.0,
        225.0,
        185.0
      ]
    },
    {
      "env_id": "PongNoFrameskip-v4",
      "game_name": "Pong",
      "mean_reward": -21.0,
      "std_reward": 0.0,
      "min_reward": -21.0,
      "max_reward": -21.0,
      "median_reward": -21.0,
      "num_episodes": 30,
      "all_rewards": [
        -21.0,
        -21.0,
        -21.0,
        -21.0,
        -21.0,
        -21.0,
        -21.0,
        -21.0,
        -21.0,
        -21.0,
        -21.0,
        -21.0,
        -21.0,
        -21.0,
        -21.0,
        -21.0,
        -21.0,
        -21.0,
        -21.0,
        -21.0,
        -21.0,
        -21.0,
        -21.0,
        -21.0,
        -21.0,
        -21.0,
        -21.0,
        -21.0,
        -21.0,
        -21.0
      ]
    }
  ],
  "Iterative": [
    {
      "env_id": "BreakoutNoFrameskip-v4",
      "game_name": "Breakout",
      "mean_reward": 3.0,
      "std_reward": 4.242640687119285,
      "min_reward": 0.0,
      "max_reward": 9.0,
      "median_reward": 0.0,
      "num_episodes": 30,
      "all_rewards": [
        0.0,
        9.0,
        9.0,
        9.0,
        0.0,
        9.0,
        0.0,
        9.0,
        0.0,
        0.0,
        0.0,
        0.0,
        0.0,
        9.0,
        9.0,
        9.0,
        0.0,
        0.0,
        0.0,
        9.0,
        0.0,
        0.0,
        0.0,
        0.0,
        0.0,
        0.0,
        0.0,
        0.0,
        0.0,
        9.0
      ]
    },
    {
      "env_id": "SpaceInvadersNoFrameskip-v4",
      "game_name": "SpaceInvaders",
      "mean_reward": 215.0,
      "std_reward": 119.47105646696748,
      "min_reward": 95.0,
      "max_reward": 425.0,
      "median_reward": 195.0,
      "num_episodes": 30,