{
  "Expert": [
    {
      "env_id": "BreakoutNoFrameskip-v4",
      "game_name": "Breakout",
      "mean_reward": 386.0,
      "std_reward": 35.017138660947154,
      "min_reward": 316.0,
      "max_reward": 405.0,
      "median_reward": 403.0,
      "num_episodes": 30,
      "all_rewards": [
        402.0,
        404.0,
        405.0,
        402.0,
        402.0,
        404.0,
        405.0,
        405.0,
        402.0,
        316.0,
        402.0,
        402.0,
        402.0,
        402.0,
        404.0,
        405.0,
        404.0,
        404.0,
        404.0,
        402.0,
        316.0,
        405.0,
        316.0,
        404.0,
        404.0,
        316.0,
        316.0,
        316.0,
        404.0,
        405.0
      ]
    },
    {
      "env_id": "SpaceInvadersNoFrameskip-v4",
      "game_name": "SpaceInvaders",
      "mean_reward": 1151.8333333333333,
      "std_reward": 115.23514606615852,
      "min_reward": 995.0,
      "max_reward": 1320.0,
      "median_reward": 1145.0,
      "num_episodes": 30,
      "all_rewards": [
        995.0,
        1320.0,
        1175.0,
        1175.0,
        995.0,
        1320.0,
        995.0,
        995.0,
        1145.0,
        1145.0,
        1175.0,
        1320.0,
        1320.0,
        1320.0,
        1145.0,
        1175.0,
        1175.0,
        1145.0,
        1175.0,
        1145.0,
        1320.0,
        1145.0,
        1320.0,
        995.0,
        1145.0,
        995.0,
        1145.0,
        1145.0,
        995.0,
        995.0
      ]
    },
    {
      "env_id": "PongNoFrameskip-v4",
      "game_name": "Pong",
      "mean_reward": 19.933333333333334,
      "std_reward": 0.891939210683977,
      "min_reward": 19.0,
      "max_reward": 21.0,
      "median_reward": 20.0,
      "num_episodes": 30,
      "all_rewards": [
        20.0,
        21.0,
        19.0,
        19.0,
        19.0,
        21.0,
        21.0,
        21.0,
        19.0,
        21.0,
        19.0,
        21.0,
        21.0,
        19.0,
        20.0,
        19.0,
        20.0,
        21.0,
        19.0,
        19.0,
        20.0,
        20.0,
        21.0,
        19.0,
        19.0,
        21.0,
        19.0,
        19.0,
        21.0,
        20.0
      ]
    }
  ],
  "Distillation": [
    {
      "env_id": "BreakoutNoFrameskip-v4",
      "game_name": "Breakout",
      "mean_reward": 3.2,
      "std_reward": 2.9933259094191533,
      "min_reward": 0.0,
      "max_reward": 6.0,
      "median_reward": 6.0,
      "num_episodes": 30,
      "all_rewards": [
        6.0,
        6.0,
        6.0,
        0.0,
        6.0,
        0.0,
        6.0,
        6.0,
        0.0,
        6.0,
        6.0,
        6.0,
        0.0,
        6.0,
        0.0,
        6.0,
        0.0,
        6.0,
        6.0,
        0.0,
        0.0,
        6.0,
        0.0,
        0.0,
        0.0,
        0.0,
        6.0,
        6.0,
        0.0,
        0.0
      ]
    },
    {
      "env_id": "SpaceInvadersNoFrameskip-v4",
      "game_name": "SpaceInvaders",
      "mean_reward": 88.33333333333333,
      "std_reward": 32.48931448269655,
      "min_reward": 45.0,
      "max_reward": 175.0,
      "median_reward": 95.0,
      "num_episodes": 30,
      "all_rewards": [
        175.0,
        95.0,
        100.0,
        100.0,
        100.0,
        95.0,
        95.0,
        95.0,
        45.0,
        95.0,
        95.0,
        95.0,
        45.0,
        95.0,
        100.0,
        95.0,
        100.0,
        100.0,
        100.0,
        45.0,
        45.0,
        95.0,
        100.0,
        45.0,
        45.0,
        95.0,
        45.0,
        95.0,
        175.0,
        45.0
      ]
    },
    {
      "env_id": "PongNoFrameskip-v4",
      "game_name": "Pong",
      "mean_reward": -6.433333333333334,
      "std_reward": 16.584497446578098,
      "min_reward": -21.0,
      "max_reward": 18.0,
      "median_reward": -10.0,
      "num_episodes": 30,
      "all_rewards": [
        -20.0,
        -21.0,
        -10.0,
        18.0,
        -21.0,
        -10.0,
        -10.0,
        -20.0,
        -21.0,
        -7.0,
        18.0,
        18.0,
        -20.0,
        -10.0,
        -21.0,
        18.0,
        -10.0,
        -10.0,
        -20.0,
        18.0,
        18.0,
        -21.0,
        18.0,
        -21.0,
        18.0,
        -20.0,
        18.0,
        -21.0,
        -21.0,
        -20.0
      ]
    }
  ],
  "One-Shot": [
    {
      "env_id": "BreakoutNoFrameskip-v4",
      "game_name": "Breakout",
      "mean_reward": 2.4,
      "std_reward": 3.9799497484264794,
      "min_reward": 0.0,
      "max_reward": 9.0,
      "median_reward": 0.0,
      "num_episodes": 30,
      "all_rewards": [
        0.0,
        0.0,
        0.0,
        0.0,
        9.0,
        0.0,
        0.0,
        0.0,
        0.0,
        0.0,
        9.0,
        0.0,
        0.0,
        9.0,
        0.0,
        9.0,
        0.0,
        0.0,
        9.0,
        0.0,
        0.0,
        9.0,
        0.0,
        0.0,
        9.0,
        0.0,
        9.0,
        0.0,
        0.0,
        0.0
      ]
    },
    {
      "env_id": "SpaceInvadersNoFrameskip-v4",
      "game_name": "SpaceInvaders",
      "mean_reward": 0.0,
      "std_reward": 0.0,
      "min_reward": 0.0,
      "max_reward": 0.0,
      "median_reward": 0.0,
      "num_episodes": 30,
      "all_rewards": [
        0.0,
        0.0,
        0.0,
        0.0,
        0.0,
        0.0,
        0.0,
        0.0,
        0.0,
        0.0,
        0.0,
        0.0,
        0.0,
        0.0,
        0.0,
        0.0,
        0.0,
        0.0,
        0.0,
        0.0,
        0.0,
        0.0,
        0.0,
        0.0,
        0.0,
        0.0,
        0.0,
        0.0,
        0.0,
        0.0
      ]
    },
    {
      "env_id": "PongNoFrameskip-v4",
      "game_name": "Pong",
      "mean_reward": -21.0,
      "std_reward": 0.0,
      "min_reward": -21.0,
      "max_reward": -21.0,
      "median_reward": -21.0,
      "num_episodes": 30,
      "all_rewards": [
        -21.0,
        -21.0,
        -21.0,
        -21.0,
        -21.0,
        -21.0,
        -21.0,
        -21.0,
        -21.0,
        -21.0,
        -21.0,
        -21.0,
        -21.0,
        -21.0,
        -21.0,
        -21.0,
        -21.0,
        -21.0,
        -21.0,
        -21.0,
        -21.0,
        -21.0,
        -21.0,
        -21.0,
        -21.0,
        -21.0,
        -21.0,
        -21.0,
        -21.0,
        -21.0
      ]
    }
  ],
  "Iterative": [
    {
      "env_id": "BreakoutNoFrameskip-v4",
      "game_name": "Breakout",
      "mean_reward": 3.0,
      "std_reward": 4.242640687119285,
      "min_reward": 0.0,
      "max_reward": 9.0,
      "median_reward": 0.0,
      "num_episodes": 30,
      "all_rewards": [
        0.0,
        9.0,
        9.0,
        9.0,
        0.0,
        9.0,
        0.0,
        9.0,
        0.0,
        0.0,
        0.0,
        0.0,
        0.0,
        9.0,
        9.0,
        9.0,
        0.0,
        0.0,
        0.0,
        9.0,
        0.0,
        0.0,
        0.0,
        0.0,
        0.0,
        0.0,
        0.0,
        0.0,
        0.0,
        9.0
      ]
    },
    {
      "env_id": "SpaceInvadersNoFrameskip-v4",
      "game_name": "SpaceInvaders",
      "mean_reward": 0.0,
      "std_reward": 0.0,
      "min_reward": 0.0,
      "max_reward": 0.0,
      "median_reward": 0.0,
      "num_episodes": 30,
      "all_rewards": [
        0.0,
        0.0,
        0.0,
        0.0,
        0.0,
        0.0,
        0.0,
        0.0,
        0.0,
        0.0,
        0.0,
        0.0,
        0.0,
        0.0,
        0.0,
        0.0,
        0.0,
        0.0,
        0.0,
        0.0,
        0.0,
        0.0,
        0.0,
        0.0,
        0.0,
        0.0,
        0.0,
        0.0,
        0.0,
        0.0
      ]
    },
    {
      "env_id": "PongNoFrameskip-v4",
      "game_name": "Pong",
      "mean_reward": -21.0,