{
  "Expert": [
    {
      "env_id": "PongNoFrameskip-v4",
      "game_name": "Pong",
      "mean_reward": 19.8,
      "std_reward": 0.7916228058025278,
      "min_reward": 19.0,
      "max_reward": 21.0,
      "median_reward": 20.0,
      "num_episodes": 30,
      "all_rewards": [
        20.0,
        21.0,
        19.0,
        20.0,
        20.0,
        19.0,
        19.0,
        19.0,
        20.0,
        21.0,
        20.0,
        20.0,
        20.0,
        20.0,
        19.0,
        19.0,
        19.0,
        19.0,
        19.0,
        20.0,
        21.0,
        19.0,
        21.0,
        19.0,
        21.0,
        20.0,
        21.0,
        21.0,
        19.0,
        19.0
      ]
    },
    {
      "env_id": "BreakoutNoFrameskip-v4",
      "game_name": "Breakout",
      "mean_reward": 386.06666666666666,
      "std_reward": 35.05227841699055,
      "min_reward": 316.0,
      "max_reward": 405.0,
      "median_reward": 403.0,
      "num_episodes": 30,
      "all_rewards": [
        405.0,
        404.0,
        316.0,
        316.0,
        405.0,
        404.0,
        405.0,
        405.0,
        402.0,
        402.0,
        316.0,
        404.0,
        404.0,
        404.0,
        402.0,
        316.0,
        316.0,
        402.0,
        316.0,
        402.0,
        404.0,
        402.0,
        404.0,
        405.0,
        402.0,
        405.0,
        402.0,
        402.0,
        405.0,
        405.0
      ]
    },
    {
      "env_id": "SpaceInvadersNoFrameskip-v4",
      "game_name": "SpaceInvaders",
      "mean_reward": 1188.3333333333333,
      "std_reward": 111.26794486983012,
      "min_reward": 995.0,
      "max_reward": 1320.0,
      "median_reward": 1175.0,
      "num_episodes": 30,
      "all_rewards": [
        1145.0,
        1175.0,
        1320.0,
        995.0,
        1320.0,
        1175.0,
        1175.0,
        1175.0,
        995.0,
        1175.0,
        995.0,
        1175.0,
        1320.0,
        1320.0,
        1145.0,
        1320.0,
        1145.0,
        1320.0,
        995.0,
        1320.0,
        1145.0,
        1145.0,
        1175.0,
        995.0,
        1320.0,
        1175.0,
        1320.0,
        1320.0,
        1175.0,
        1175.0
      ]
    }
  ],
  "Distillation": [
    {
      "env_id": "PongNoFrameskip-v4",
      "game_name": "Pong",
      "mean_reward": -16.9,
      "std_reward": 12.3,
      "min_reward": -21.0,
      "max_reward": 20.0,
      "median_reward": -21.0,
      "num_episodes": 30,
      "all_rewards": [
        -21.0,
        -21.0,
        -21.0,
        -21.0,
        -21.0,
        -21.0,
        -21.0,
        -21.0,
        -21.0,
        -21.0,
        -21.0,
        -21.0,
        -21.0,
        -21.0,
        -21.0,
        20.0,
        -21.0,
        -21.0,
        20.0,
        -21.0,
        -21.0,
        -21.0,
        -21.0,
        -21.0,
        -21.0,
        -21.0,
        -21.0,
        20.0,
        -21.0,
        -21.0
      ]
    },
    {
      "env_id": "BreakoutNoFrameskip-v4",
      "game_name": "Breakout",
      "mean_reward": 3.6,
      "std_reward": 4.409081537009721,
      "min_reward": 0.0,
      "max_reward": 9.0,
      "median_reward": 0.0,
      "num_episodes": 30,
      "all_rewards": [
        0.0,
        9.0,
        0.0,
        0.0,
        0.0,
        9.0,
        9.0,
        9.0,
        0.0,
        9.0,
        9.0,
        9.0,
        0.0,
        9.0,
        0.0,
        9.0,
        0.0,
        0.0,
        0.0,
        0.0,
        0.0,
        9.0,
        0.0,
        0.0,
        0.0,
        9.0,
        0.0,
        9.0,
        0.0,
        0.0
      ]
    },
    {
      "env_id": "SpaceInvadersNoFrameskip-v4",
      "game_name": "SpaceInvaders",
      "mean_reward": 265.3333333333333,
      "std_reward": 182.16262575573023,
      "min_reward": 125.0,
      "max_reward": 565.0,
      "median_reward": 155.0,
      "num_episodes": 30,
      "all_rewards": [
        195.0,
        565.0,
        125.0,
        155.0,
        565.0,
        125.0,
        125.0,
        195.0,
        565.0,
        125.0,
        155.0,
        155.0,
        195.0,
        125.0,
        565.0,
        155.0,
        125.0,
        125.0,
        195.0,
        155.0,
        155.0,
        565.0,
        155.0,
        565.0,
        155.0,
        195.0,
        155.0,
        565.0,
        565.0,
        195.0
      ]
    }
  ],
  "HTCL": [
    {
      "env_id": "PongNoFrameskip-v4",
      "game_name": "Pong",
      "mean_reward": -21.0,
      "std_reward": 0.0,
      "min_reward": -21.0,
      "max_reward": -21.0,
      "median_reward": -21.0,
      "num_episodes": 30,
      "all_rewards": [
        -21.0,
        -21.0,
        -21.0,
        -21.0,
        -21.0,
        -21.0,
        -21.0,
        -21.0,
        -21.0,
        -21.0,
        -21.0,
        -21.0,
        -21.0,
        -21.0,
        -21.0,
        -21.0,
        -21.0,
        -21.0,
        -21.0,
        -21.0,
        -21.0,
        -21.0,
        -21.0,
        -21.0,
        -21.0,
        -21.0,
        -21.0,
        -21.0,
        -21.0,
        -21.0
      ]
    },
    {
      "env_id": "BreakoutNoFrameskip-v4",
      "game_name": "Breakout",
      "mean_reward": 2.4,
      "std_reward": 3.97994974842648,
      "min_reward": 0.0,
      "max_reward": 9.0,
      "median_reward": 0.0,
      "num_episodes": 30,
      "all_rewards": [
        0.0,
        0.0,
        0.0,
        0.0,
        9.0,
        0.0,
        9.0,
        9.0,
        0.0,
        0.0,
        0.0,
        0.0,
        0.0,
        0.0,
        0.0,
        0.0,
        0.0,
        0.0,
        0.0,
        0.0,
        9.0,
        0.0,
        0.0,
        9.0,
        9.0,
        9.0,
        0.0,
        0.0,
        9.0,
        0.0
      ]
    },
    {
      "env_id": "SpaceInvadersNoFrameskip-v4",
      "game_name": "SpaceInvaders",
      "mean_reward": 992.5,
      "std_reward": 279.3854863803773,
      "min_reward": 570.0,
      "max_reward": 1320.0,
      "median_reward": 995.0,
      "num_episodes": 30,
      "all_rewards": [
        995.0,
        995.0,
        1145.0,
        1145.0,
        570.0,
        1320.0,
        1145.0,
        995.0,
        570.0,
        995.0,
        995.0,
        1145.0,
        570.0,
        1320.0,
        1320.0,
        1145.0,
        1145.0,
        570.0,
        1320.0,
        995.0,
        1320.0,
        995.0,
        570.0,
        995.0,
        570.0,
        1320.0,
        1320.0,
        570.0,
        1145.0,
        570.0
      ]
    }
  ]
}