{
  "Expert": [
    {
      "env_id": "PongNoFrameskip-v4",
      "game_name": "Pong",
      "mean_reward": 19.8,
      "std_reward": 0.7916228058025278,
      "min_reward": 19.0,
      "max_reward": 21.0,
      "median_reward": 20.0,
      "num_episodes": 30,
      "all_rewards": [
        20.0,
        21.0,
        19.0,
        20.0,
        20.0,
        19.0,
        19.0,
        19.0,
        20.0,
        21.0,
        20.0,
        20.0,
        20.0,
        20.0,
        19.0,
        19.0,
        19.0,
        19.0,
        19.0,
        20.0,
        21.0,
        19.0,
        21.0,
        19.0,
        21.0,
        20.0,
        21.0,
        21.0,
        19.0,
        19.0
      ]
    },
    {
      "env_id": "BreakoutNoFrameskip-v4",
      "game_name": "Breakout",
      "mean_reward": 359.3666666666667,
      "std_reward": 45.17999803256107,
      "min_reward": 313.0,
      "max_reward": 405.0,
      "median_reward": 360.0,
      "num_episodes": 30,
      "all_rewards": [
        405.0,
        404.0,
        316.0,
        316.0,
        405.0,
        404.0,
        405.0,
        405.0,
        313.0,
        313.0,
        316.0,
        404.0,
        404.0,
        404.0,
        313.0,
        316.0,
        316.0,
        313.0,
        316.0,
        313.0,
        404.0,
        313.0,
        404.0,
        405.0,
        313.0,
        405.0,
        313.0,
        313.0,
        405.0,
        405.0
      ]
    },
    {
      "env_id": "SpaceInvadersNoFrameskip-v4",
      "game_name": "SpaceInvaders",
      "mean_reward": 986.6666666666666,
      "std_reward": 314.79711279206833,
      "min_reward": 570.0,
      "max_reward": 1320.0,
      "median_reward": 1070.0,
      "num_episodes": 30,
      "all_rewards": [
        1145.0,
        570.0,
        1320.0,
        995.0,
        1320.0,
        570.0,
        570.0,
        570.0,
        995.0,
        570.0,
        995.0,
        570.0,
        1320.0,
        1320.0,
        1145.0,
        1320.0,
        1145.0,
        1320.0,
        995.0,
        1320.0,
        1145.0,
        1145.0,
        570.0,
        995.0,
        1320.0,
        570.0,
        1320.0,
        1320.0,
        570.0,
        570.0
      ]
    }
  ],
  "Distillation": [
    {
      "env_id": "PongNoFrameskip-v4",
      "game_name": "Pong",
      "mean_reward": -21.0,
      "std_reward": 0.0,
      "min_reward": -21.0,
      "max_reward": -21.0,
      "median_reward": -21.0,
      "num_episodes": 30,
      "all_rewards": [
        -21.0,
        -21.0,
        -21.0,
        -21.0,
        -21.0,
        -21.0,
        -21.0,
        -21.0,
        -21.0,
        -21.0,
        -21.0,
        -21.0,
        -21.0,
        -21.0,
        -21.0,
        -21.0,
        -21.0,
        -21.0,
        -21.0,
        -21.0,
        -21.0,
        -21.0,
        -21.0,
        -21.0,
        -21.0,
        -21.0,
        -21.0,
        -21.0,
        -21.0,
        -21.0
      ]
    },
    {
      "env_id": "BreakoutNoFrameskip-v4",
      "game_name": "Breakout",
      "mean_reward": 0.5333333333333333,
      "std_reward": 0.618241233033047,
      "min_reward": 0.0,
      "max_reward": 2.0,
      "median_reward": 0.0,
      "num_episodes": 30,
      "all_rewards": [
        2.0,
        1.0,
        0.0,
        0.0,
        0.0,
        1.0,
        1.0,
        1.0,
        0.0,
        1.0,
        1.0,
        1.0,
        0.0,
        1.0,
        0.0,
        1.0,
        0.0,
        0.0,
        0.0,
        0.0,
        0.0,
        1.0,
        0.0,
        0.0,
        0.0,
        1.0,
        0.0,
        1.0,
        2.0,
        0.0
      ]
    },
    {
      "env_id": "SpaceInvadersNoFrameskip-v4",
      "game_name": "SpaceInvaders",
      "mean_reward": 293.0,
      "std_reward": 93.89355675444402,
      "min_reward": 150.0,
      "max_reward": 405.0,
      "median_reward": 330.0,
      "num_episodes": 30,
      "all_rewards": [
        255.0,
        405.0,
        150.0,
        330.0,
        405.0,
        150.0,
        150.0,
        255.0,
        405.0,
        150.0,
        330.0,
        330.0,
        255.0,
        150.0,
        405.0,
        330.0,
        150.0,
        150.0,
        255.0,
        330.0,
        330.0,
        405.0,
        330.0,
        405.0,
        330.0,
        255.0,
        330.0,
        405.0,
        405.0,
        255.0
      ]
    }
  ],
  "HTCL (\u03bb=0.1)": [
    {
      "env_id": "PongNoFrameskip-v4",
      "game_name": "Pong",
      "mean_reward": -21.0,
      "std_reward": 0.0,
      "min_reward": -21.0,
      "max_reward": -21.0,
      "median_reward": -21.0,
      "num_episodes": 30,
      "all_rewards": [
        -21.0,
        -21.0,
        -21.0,
        -21.0,
        -21.0,
        -21.0,
        -21.0,
        -21.0,
        -21.0,
        -21.0,
        -21.0,
        -21.0,
        -21.0,
        -21.0,
        -21.0,
        -21.0,
        -21.0,
        -21.0,
        -21.0,
        -21.0,
        -21.0,
        -21.0,
        -21.0,
        -21.0,
        -21.0,
        -21.0,
        -21.0,
        -21.0,
        -21.0,
        -21.0
      ]
    },
    {
      "env_id": "BreakoutNoFrameskip-v4",
      "game_name": "Breakout",
      "mean_reward": 2.933333333333333,
      "std_reward": 4.864383025854586,
      "min_reward": 0.0,
      "max_reward": 11.0,
      "median_reward": 0.0,
      "num_episodes": 30,
      "all_rewards": [
        0.0,
        11.0,
        0.0,
        0.0,
        0.0,
        0.0,
        0.0,
        0.0,
        0.0,
        11.0,
        11.0,
        11.0,
        11.0,
        11.0,
        0.0,
        0.0,
        0.0,
        0.0,
        0.0,
        11.0,
        0.0,
        0.0,
        0.0,
        0.0,
        0.0,
        0.0,
        0.0,
        0.0,
        0.0,
        11.0
      ]
    },
    {
      "env_id": "SpaceInvadersNoFrameskip-v4",
      "game_name": "SpaceInvaders",
      "mean_reward": 0.0,
      "std_reward": 0.0,
      "min_reward": 0.0,
      "max_reward": 0.0,
      "median_reward": 0.0,
      "num_episodes": 30,
      "all_rewards": [
        0.0,
        0.0,
        0.0,
        0.0,
        0.0,
        0.0,
        0.0,
        0.0,
        0.0,
        0.0,
        0.0,
        0.0,
        0.0,
        0.0,
        0.0,
        0.0,
        0.0,
        0.0,
        0.0,
        0.0,
        0.0,
        0.0,
        0.0,
        0.0,
        0.0,
        0.0,
        0.0,
        0.0,
        0.0,
        0.0
      ]
    }
  ],
  "HTCL (\u03bb=1)": [
    {
      "env_id": "PongNoFrameskip-v4",
      "game_name": "Pong",
      "mean_reward": -21.0,
      "std_reward": 0.0,
      "min_reward": -21.0,
      "max_reward": -21.0,
      "median_reward": -21.0,
      "num_episodes": 30,
      "all_rewards": [
        -21.0,
        -21.0,
        -21.0,
        -21.0,
        -21.0,
        -21.0,
        -21.0,
        -21.0,
        -21.0,
        -21.0,
        -21.0,
        -21.0,
        -21.0,
        -21.0,
        -21.0,
        -21.0,
        -21.0,
        -21.0,
        -21.0,
        -21.0,
        -21.0,
        -21.0,
        -21.0,
        -21.0,
        -21.0,
        -21.0,
        -21.0,
        -21.0,
        -21.0,
        -21.0
      ]
    },
    {
      "env_id": "BreakoutNoFrameskip-v4",
      "game_name": "Breakout",
      "mean_reward": 1.5,
      "std_reward": 3.3541019662496847,
      "min_reward": 0.0,
      "max_reward": 9.0,
      "median_reward": 0.0,
      "num_episodes": 30,