{
  "Expert": [
    {
      "env_id": "PongNoFrameskip-v4",
      "game_name": "Pong",
      "mean_reward": 19.8,
      "std_reward": 0.7916228058025278,
      "min_reward": 19.0,
      "max_reward": 21.0,
      "median_reward": 20.0,
      "num_episodes": 30,
      "all_rewards": [
        20.0,
        21.0,
        19.0,
        20.0,
        20.0,
        19.0,
        19.0,
        19.0,
        20.0,
        21.0,
        20.0,
        20.0,
        20.0,
        20.0,
        19.0,
        19.0,
        19.0,
        19.0,
        19.0,
        20.0,
        21.0,
        19.0,
        21.0,
        19.0,
        21.0,
        20.0,
        21.0,
        21.0,
        19.0,
        19.0
      ]
    },
    {
      "env_id": "BreakoutNoFrameskip-v4",
      "game_name": "Breakout",
      "mean_reward": 386.06666666666666,
      "std_reward": 35.05227841699055,
      "min_reward": 316.0,
      "max_reward": 405.0,
      "median_reward": 403.0,
      "num_episodes": 30,
      "all_rewards": [
        405.0,
        404.0,
        316.0,
        316.0,
        405.0,
        404.0,
        405.0,
        405.0,
        402.0,
        402.0,
        316.0,
        404.0,
        404.0,
        404.0,
        402.0,
        316.0,
        316.0,
        402.0,
        316.0,
        402.0,
        404.0,
        402.0,
        404.0,
        405.0,
        402.0,
        405.0,
        402.0,
        402.0,
        405.0,
        405.0
      ]
    },
    {
      "env_id": "SpaceInvadersNoFrameskip-v4",
      "game_name": "SpaceInvaders",
      "mean_reward": 1188.3333333333333,
      "std_reward": 111.26794486983012,
      "min_reward": 995.0,
      "max_reward": 1320.0,
      "median_reward": 1175.0,
      "num_episodes": 30,
      "all_rewards": [
        1145.0,
        1175.0,
        1320.0,
        995.0,
        1320.0,
        1175.0,
        1175.0,
        1175.0,
        995.0,
        1175.0,
        995.0,
        1175.0,
        1320.0,
        1320.0,
        1145.0,
        1320.0,
        1145.0,
        1320.0,
        995.0,
        1320.0,
        1145.0,
        1145.0,
        1175.0,
        995.0,
        1320.0,
        1175.0,
        1320.0,
        1320.0,
        1175.0,
        1175.0
      ]
    }
  ],
  "Distillation": [
    {
      "env_id": "PongNoFrameskip-v4",
      "game_name": "Pong",
      "mean_reward": -12.966666666666667,
      "std_reward": 11.588739745498167,
      "min_reward": -21.0,
      "max_reward": 18.0,
      "median_reward": -20.0,
      "num_episodes": 30,
      "all_rewards": [
        -20.0,
        -20.0,
        -20.0,
        -7.0,
        -20.0,
        -21.0,
        -20.0,
        -20.0,
        -10.0,
        -20.0,
        -20.0,
        -20.0,
        -7.0,
        -20.0,
        -7.0,
        18.0,
        -10.0,
        -20.0,
        18.0,
        -10.0,
        -21.0,
        -20.0,
        -10.0,
        -21.0,
        -7.0,
        -21.0,
        -20.0,
        18.0,
        -21.0,
        -10.0
      ]
    },
    {
      "env_id": "BreakoutNoFrameskip-v4",
      "game_name": "Breakout",
      "mean_reward": 2.0,
      "std_reward": 2.8284271247461903,
      "min_reward": 0.0,
      "max_reward": 6.0,
      "median_reward": 0.0,
      "num_episodes": 30,
      "all_rewards": [
        6.0,
        0.0,
        0.0,
        0.0,
        0.0,
        0.0,
        0.0,
        0.0,
        6.0,
        0.0,
        0.0,
        0.0,
        6.0,
        0.0,
        0.0,
        0.0,
        0.0,
        0.0,
        0.0,
        6.0,
        6.0,
        0.0,
        0.0,
        6.0,
        6.0,
        0.0,
        6.0,
        0.0,
        6.0,
        6.0
      ]
    },
    {
      "env_id": "SpaceInvadersNoFrameskip-v4",
      "game_name": "SpaceInvaders",
      "mean_reward": 97.16666666666667,
      "std_reward": 45.0681582593397,
      "min_reward": 45.0,
      "max_reward": 175.0,
      "median_reward": 95.0,
      "num_episodes": 30,
      "all_rewards": [
        175.0,
        95.0,
        100.0,
        45.0,
        95.0,
        100.0,
        100.0,
        175.0,
        95.0,
        100.0,
        45.0,
        45.0,
        175.0,
        100.0,
        95.0,
        45.0,
        100.0,
        100.0,
        175.0,
        45.0,
        45.0,
        95.0,
        45.0,
        95.0,
        45.0,
        175.0,
        45.0,
        95.0,
        95.0,
        175.0
      ]
    }
  ],
  "HTCL": [
    {
      "env_id": "PongNoFrameskip-v4",
      "game_name": "Pong",
      "mean_reward": -21.0,
      "std_reward": 0.0,
      "min_reward": -21.0,
      "max_reward": -21.0,
      "median_reward": -21.0,
      "num_episodes": 30,
      "all_rewards": [
        -21.0,
        -21.0,
        -21.0,
        -21.0,
        -21.0,
        -21.0,
        -21.0,
        -21.0,
        -21.0,
        -21.0,
        -21.0,
        -21.0,
        -21.0,
        -21.0,
        -21.0,
        -21.0,
        -21.0,
        -21.0,
        -21.0,
        -21.0,
        -21.0,
        -21.0,
        -21.0,
        -21.0,
        -21.0,
        -21.0,
        -21.0,
        -21.0,
        -21.0,
        -21.0
      ]
    },
    {
      "env_id": "BreakoutNoFrameskip-v4",
      "game_name": "Breakout",
      "mean_reward": 0.0,
      "std_reward": 0.0,
      "min_reward": 0.0,
      "max_reward": 0.0,
      "median_reward": 0.0,
      "num_episodes": 30,
      "all_rewards": [
        0.0,
        0.0,
        0.0,
        0.0,
        0.0,
        0.0,
        0.0,
        0.0,
        0.0,
        0.0,
        0.0,
        0.0,
        0.0,
        0.0,
        0.0,
        0.0,
        0.0,
        0.0,
        0.0,
        0.0,
        0.0,
        0.0,
        0.0,
        0.0,
        0.0,
        0.0,
        0.0,
        0.0,
        0.0,
        0.0
      ]
    },
    {
      "env_id": "SpaceInvadersNoFrameskip-v4",
      "game_name": "SpaceInvaders",
      "mean_reward": 285.0,
      "std_reward": 0.0,
      "min_reward": 285.0,
      "max_reward": 285.0,
      "median_reward": 285.0,
      "num_episodes": 30,
      "all_rewards": [
        285.0,
        285.0,
        285.0,
        285.0,
        285.0,
        285.0,
        285.0,
        285.0,
        285.0,
        285.0,
        285.0,
        285.0,
        285.0,
        285.0,
        285.0,
        285.0,
        285.0,
        285.0,
        285.0,
        285.0,
        285.0,
        285.0,
        285.0,
        285.0,
        285.0,
        285.0,
        285.0,
        285.0,
        285.0,
        285.0
      ]
    }
  ]
}