method,game,game_id,mean_reward,std_reward,min_reward,max_reward
Individual,Pong,ALE/Pong-v5,-21.0,0.0,-21.0,-21.0
Individual,Breakout,ALE/Breakout-v5,0.3333333333333333,0.7453559924999299,0.0,2.0
Individual,SpaceInvaders,ALE/SpaceInvaders-v5,702.5,238.46645466396316,460.0,1555.0
EWC,Pong,ALE/Pong-v5,-20.933333333333334,0.24944382578492943,-21.0,-20.0
EWC,Breakout,ALE/Breakout-v5,0.06666666666666667,0.24944382578492943,0.0,1.0
EWC,SpaceInvaders,ALE/SpaceInvaders-v5,171.0,125.82660026136499,35.0,420.0
HTCL,Pong,ALE/Pong-v5,-21.0,0.0,-21.0,-21.0
HTCL,Breakout,ALE/Breakout-v5,0.23333333333333334,0.4229525846816506,0.0,1.0
HTCL,SpaceInvaders,ALE/SpaceInvaders-v5,114.33333333333333,55.08680019347244,80.0,410.0
